brand,market,appliance_type,code,meaning,component,cause_category,severity,fix_steps,diy_difficulty,source_type,source_url,dataset,license
Samsung,US,dishwasher,1E,"A clogged filter (Waterwall models) or heater over-temperature (Rotary models), depending on model.",filter and heater,filter,degraded,,,manufacturer_listing,https://www.samsung.com/us/support/troubleshoot/TSG10004499/,ApplianceDB free sample (ApplianceDB/ApplianceDB-public@fe7d992),ODbL-1.0
Samsung,US,dishwasher,3C,A drain-pump operation fault was detected.,drain pump,motor,stop_failure,"1. Reset then service: Turn the dishwasher off and start the cycle again; if the pump fault persists, contact support for service.",moderate,manufacturer_listing,https://www.samsung.com/us/support/troubleshoot/TSG10004499/,ApplianceDB free sample (ApplianceDB/ApplianceDB-public@fe7d992),ODbL-1.0
Samsung,US,dishwasher,3E,Incoming water is hotter than the allowed limit.,water supply,water_supply,degraded,,,manufacturer_listing,https://www.samsung.com/us/support/troubleshoot/TSG10004499/,ApplianceDB free sample (ApplianceDB/ApplianceDB-public@fe7d992),ODbL-1.0
Samsung,US,dishwasher,4C,The water supply is inadequate in pressure or temperature.,water inlet valve,water_supply,stop_failure,1. Restore the water supply: Confirm the supply valve is open and the inlet hose is unkinked with adequate pressure and temperature.,easy,manufacturer_listing,https://www.samsung.com/us/support/troubleshoot/TSG10004499/,ApplianceDB free sample (ApplianceDB/ApplianceDB-public@fe7d992),ODbL-1.0
Samsung,US,dishwasher,5C,The dishwasher cannot drain.,drain pump,drainage,stop_failure,"1. Clear the drain: Clear the filter and drain hose of any blockage, then restart the cycle. | 2. Replace the drain pump: If the filter and hose are clear and the drain error returns, disconnect power and water and replace the drain pump assembly.",easy,manufacturer_listing,https://www.samsung.com/us/support/troubleshoot/TSG10004499/,ApplianceDB free sample (ApplianceDB/ApplianceDB-public@fe7d992),ODbL-1.0
Samsung,US,dishwasher,7E,The Waterwall reflector is not moving correctly.,waterwall reflector,motor,degraded,,,manufacturer_listing,https://www.samsung.com/us/support/troubleshoot/TSG10004499/,ApplianceDB free sample (ApplianceDB/ApplianceDB-public@fe7d992),ODbL-1.0
Samsung,US,dishwasher,9E,The water level inside the tub is too low.,water level sensor,water_supply,degraded,"1. Rerun and reset: Empty the unit, add detergent, and run a normal cycle; if it continues, power off at the breaker and request service.",moderate,manufacturer_listing,https://www.samsung.com/us/support/troubleshoot/TSG10004499/,ApplianceDB free sample (ApplianceDB/ApplianceDB-public@fe7d992),ODbL-1.0
Samsung,US,dishwasher,BE,A panel button is being sensed as stuck.,control panel,control_board,degraded,"1. Free the stuck button: Turn the dishwasher off and press each panel button once; if a button stays stuck or the error returns, contact support.",easy,manufacturer_listing,https://www.samsung.com/us/support/troubleshoot/TSG10004499/,ApplianceDB free sample (ApplianceDB/ApplianceDB-public@fe7d992),ODbL-1.0
Samsung,US,dishwasher,CE,A communication fault occurred in the control electronics.,control board,communication,degraded,,,manufacturer_listing,https://www.samsung.com/us/support/troubleshoot/TSG10004499/,ApplianceDB free sample (ApplianceDB/ApplianceDB-public@fe7d992),ODbL-1.0
Samsung,US,dishwasher,HC,The water overheated beyond the safe limit.,heating element,heating,stop_failure,"1. Reset at the breaker: Switch power off for thirty seconds at the breaker and back on, empty the unit, add detergent, and run a Normal cycle.",moderate,manufacturer_listing,https://www.samsung.com/us/support/troubleshoot/TSG10004499/,ApplianceDB free sample (ApplianceDB/ApplianceDB-public@fe7d992),ODbL-1.0
Samsung,US,dishwasher,HE,The heater temperature-detection circuit is faulty.,temperature sensor,heating,degraded,"1. Rerun and reset: Empty the unit, add detergent and run a normal cycle; if it persists, power off at the breaker and contact support.",moderate,manufacturer_listing,https://www.samsung.com/us/support/troubleshoot/TSG10004499/,ApplianceDB free sample (ApplianceDB/ApplianceDB-public@fe7d992),ODbL-1.0
Samsung,US,dishwasher,LC,The leak sensor detected moisture.,leak sensor,leak,stop_failure,1. Investigate the leak: The unit will keep draining until dry; check for a blocked Waterwall reflector on those models and inspect for leaks before restarting.,moderate,manufacturer_listing,https://www.samsung.com/us/support/troubleshoot/TSG10004499/,ApplianceDB free sample (ApplianceDB/ApplianceDB-public@fe7d992),ODbL-1.0
Samsung,US,dishwasher,OC,The water level is above the allowed maximum.,water level sensor,water_supply,stop_failure,,,manufacturer_listing,https://www.samsung.com/us/support/troubleshoot/TSG10004499/,ApplianceDB free sample (ApplianceDB/ApplianceDB-public@fe7d992),ODbL-1.0
Samsung,US,dishwasher,TE,The temperature sensor is reading incorrectly.,temperature sensor,sensor,degraded,,,manufacturer_listing,https://www.samsung.com/us/support/troubleshoot/TSG10004499/,ApplianceDB free sample (ApplianceDB/ApplianceDB-public@fe7d992),ODbL-1.0
Samsung,US,dryer,3C,A drive-motor fault was detected.,drive motor,motor,stop_failure,"1. Reset then service: Power off for two to three minutes and restart; if the motor error returns, request service.",moderate,manufacturer_listing,https://www.samsung.com/us/support/troubleshoot/TSG10001006/,ApplianceDB free sample (ApplianceDB/ApplianceDB-public@fe7d992),ODbL-1.0
Samsung,US,dryer,9C1,The voltage supplied to the dryer is abnormal.,power supply,power,stop_failure,1. Fix the power supply: Run the dryer on its own circuit without an extension cord and confirm correct cord installation and voltage; contact support if it persists.,moderate,manufacturer_listing,https://www.samsung.com/us/support/troubleshoot/TSG10001006/,ApplianceDB free sample (ApplianceDB/ApplianceDB-public@fe7d992),ODbL-1.0
Samsung,US,dryer,AC,Internal control modules cannot communicate with each other.,control board,communication,degraded,1. Power-cycle the dryer: Shut the dryer off for sixty seconds and turn it back on; contact support if the communication error remains.,easy,manufacturer_listing,https://www.samsung.com/us/support/troubleshoot/TSG10001006/,ApplianceDB free sample (ApplianceDB/ApplianceDB-public@fe7d992),ODbL-1.0
Samsung,US,dryer,BE,A control-panel button is being sensed as stuck.,control panel,control_board,degraded,"1. Free the stuck button: Power off and individually touch and release every button on the panel, working across each button's edges.",easy,manufacturer_listing,https://www.samsung.com/us/support/troubleshoot/TSG10001006/,ApplianceDB free sample (ApplianceDB/ApplianceDB-public@fe7d992),ODbL-1.0
Samsung,US,dryer,C80,The exhaust vent is roughly eighty percent blocked.,exhaust vent,ventilation,degraded,"1. Clean filter and vent: Clean the lint filter and the exhaust vent, then rerun the cycle.",easy,manufacturer_listing,https://www.samsung.com/us/support/troubleshoot/TSG10001006/,ApplianceDB free sample (ApplianceDB/ApplianceDB-public@fe7d992),ODbL-1.0
Samsung,US,dryer,C90,The exhaust vent is more than ninety percent blocked.,exhaust vent,ventilation,stop_failure,1. Clean filter and vent: Clean the lint filter and the exhaust vent thoroughly — the vent is more than ninety percent blocked — then rerun the cycle.,moderate,manufacturer_listing,https://www.samsung.com/us/support/troubleshoot/TSG10001006/,ApplianceDB free sample (ApplianceDB/ApplianceDB-public@fe7d992),ODbL-1.0
Samsung,US,dryer,CLG,The exhaust vent is clogged.,exhaust vent,ventilation,degraded,"1. Clean filter and vent: Clean the lint filter and the exhaust vent, then rerun the cycle.",easy,manufacturer_listing,https://www.samsung.com/us/support/troubleshoot/TSG10001006/,ApplianceDB free sample (ApplianceDB/ApplianceDB-public@fe7d992),ODbL-1.0
Samsung,US,dryer,CT,The ambient temperature is outside the operating range.,temperature regulation,temperature,informational,1. Let the dryer acclimate: Wait about an hour with the dryer at room temperature before restarting.,easy,manufacturer_listing,https://www.samsung.com/us/support/troubleshoot/TSG10001006/,ApplianceDB free sample (ApplianceDB/ApplianceDB-public@fe7d992),ODbL-1.0
Samsung,US,dryer,DC,"A fault was detected with the door, latch, or door sensor.",door assembly,door_lock,degraded,"1. Secure the door: Check the latch is intact, remove anything caught in the door, and close it until it latches fully.",easy,manufacturer_listing,https://www.samsung.com/us/support/troubleshoot/TSG10001006/,ApplianceDB free sample (ApplianceDB/ApplianceDB-public@fe7d992),ODbL-1.0
Samsung,US,dryer,FC,The power-source frequency is invalid.,power supply,power,degraded,"1. Restart the cycle: Restart the cycle; if the frequency error remains, contact support.",easy,manufacturer_listing,https://www.samsung.com/us/support/troubleshoot/TSG10001006/,ApplianceDB free sample (ApplianceDB/ApplianceDB-public@fe7d992),ODbL-1.0
Samsung,US,dryer,HC,The dryer is overheating.,heating element,heating,stop_failure,"1. Clean lint and check voltage: Clean the lint screen and vent system; on electric models have an electrician confirm the supply voltage if overheating persists. | 2. Replace the heating element: If airflow is clear and overheating returns, disconnect power and replace the heating element.",easy,manufacturer_listing,https://www.samsung.com/us/support/troubleshoot/TSG10001006/,ApplianceDB free sample (ApplianceDB/ApplianceDB-public@fe7d992),ODbL-1.0
Samsung,US,dryer,HC2,A gas-ignition fault was detected on gas models.,gas igniter,gas,stop_failure,"1. Reset then service: Power off for two to three minutes and restart; if the gas-ignition error returns, request service.",moderate,manufacturer_listing,https://www.samsung.com/us/support/troubleshoot/TSG10001006/,ApplianceDB free sample (ApplianceDB/ApplianceDB-public@fe7d992),ODbL-1.0
Samsung,US,dryer,OD,The load did not dry within the expected time.,moisture sensor,sensor,degraded,1. Reset and retry: Power off for two to three minutes and restart the cycle; consult the manual and request service if it returns.,easy,manufacturer_listing,https://www.samsung.com/us/support/troubleshoot/TSG10001006/,ApplianceDB free sample (ApplianceDB/ApplianceDB-public@fe7d992),ODbL-1.0
Samsung,US,dryer,TS,The temperature-sensing circuit reported a fault.,temperature sensor,sensor,degraded,"1. Clean the lint screen and vent: Clean the lint screen, the vent system, or both — trapped heat is the most common cause; contact support if the error continues.",easy,manufacturer_listing,https://www.samsung.com/us/support/troubleshoot/TSG10001006/,ApplianceDB free sample (ApplianceDB/ApplianceDB-public@fe7d992),ODbL-1.0
Samsung,US,refrigerator,21E,The freezer fan is not rotating as sensed by the control.,freezer fan,fan,degraded,"1. Defrost or request service: Ensure the freezer is not overpacked and the door gaskets seal fully; defrost the unit if you wish, otherwise request service.",moderate,manufacturer_listing,https://www.samsung.com/us/support/troubleshoot/TSG10007315/,ApplianceDB free sample (ApplianceDB/ApplianceDB-public@fe7d992),ODbL-1.0
Samsung,US,refrigerator,22E,"The fridge fan is faulty, sometimes following a door left open.",fridge fan,fan,degraded,"1. Defrost the fridge fan: Unplug the refrigerator and leave the doors open for a few hours, then plug it back in; request service if the error returns.",easy,manufacturer_listing,https://www.samsung.com/us/support/troubleshoot/TSG10007315/,ApplianceDB free sample (ApplianceDB/ApplianceDB-public@fe7d992),ODbL-1.0
Samsung,US,refrigerator,33E,The ice-pipe heater reported a fault.,ice pipe heater,ice_maker,degraded,1. Request professional service: Samsung directs this ice-pipe heater fault to service; contact the Support Center.,professional_only,manufacturer_listing,https://www.samsung.com/us/support/troubleshoot/TSG10007315/,ApplianceDB free sample (ApplianceDB/ApplianceDB-public@fe7d992),ODbL-1.0
Samsung,US,refrigerator,39E,The ice-maker function reported a fault.,ice maker,ice_maker,degraded,1. Request professional service: Samsung directs this ice-maker function fault to service; contact the Support Center.,professional_only,manufacturer_listing,https://www.samsung.com/us/support/troubleshoot/TSG10007315/,ApplianceDB free sample (ApplianceDB/ApplianceDB-public@fe7d992),ODbL-1.0
Samsung,US,refrigerator,40E,The ice-room fan reported a fault.,ice room fan,fan,degraded,1. Request professional service: Samsung directs this ice-room fan fault to service; contact the Support Center.,professional_only,manufacturer_listing,https://www.samsung.com/us/support/troubleshoot/TSG10007315/,ApplianceDB free sample (ApplianceDB/ApplianceDB-public@fe7d992),ODbL-1.0
Samsung,US,refrigerator,5E,The fridge defrost sensor reported a fault.,defrost sensor,sensor,degraded,1. Request professional service: Samsung directs this defrost-sensor fault to service; contact the Support Center.,professional_only,manufacturer_listing,https://www.samsung.com/us/support/troubleshoot/TSG10007315/,ApplianceDB free sample (ApplianceDB/ApplianceDB-public@fe7d992),ODbL-1.0
Samsung,US,refrigerator,76C,Water was detected in the autofill compartment.,autofill assembly,leak,degraded,1. Inspect the autofill pitcher: Follow the autofill leak guidance: remove and inspect the autofill compartment for water and dry it out.,easy,manufacturer_listing,https://www.samsung.com/us/support/troubleshoot/TSG10007315/,ApplianceDB free sample (ApplianceDB/ApplianceDB-public@fe7d992),ODbL-1.0
Samsung,US,refrigerator,83E,The compressor drew abnormal current.,compressor,compressor,stop_failure,"1. Power-cycle at the breaker: Unplug or switch off the breaker for sixty seconds, then restore power; request service if the code returns.",easy,manufacturer_listing,https://www.samsung.com/us/support/troubleshoot/TSG10007315/,ApplianceDB free sample (ApplianceDB/ApplianceDB-public@fe7d992),ODbL-1.0
Samsung,US,refrigerator,84C,The compressor is locked.,compressor,compressor,stop_failure,1. Request professional service: Samsung directs the compressor-lock fault to service; contact the Support Center.,professional_only,manufacturer_listing,https://www.samsung.com/us/support/troubleshoot/TSG10007315/,ApplianceDB free sample (ApplianceDB/ApplianceDB-public@fe7d992),ODbL-1.0
Samsung,US,refrigerator,85C,Low voltage was detected at the power source.,power supply,power,degraded,1. Clear the voltage notice: Press OK for three seconds to clear; the code is harmless and typically follows a brief outage.,easy,manufacturer_listing,https://www.samsung.com/us/support/troubleshoot/TSG10007315/,ApplianceDB free sample (ApplianceDB/ApplianceDB-public@fe7d992),ODbL-1.0
Samsung,US,refrigerator,85E,The compressor experienced an undervoltage (brown-out) condition.,compressor,compressor,stop_failure,"1. Power-cycle at the breaker: Unplug or switch off the breaker for sixty seconds, then restore power; request service if the code returns.",easy,manufacturer_listing,https://www.samsung.com/us/support/troubleshoot/TSG10007315/,ApplianceDB free sample (ApplianceDB/ApplianceDB-public@fe7d992),ODbL-1.0
Samsung,US,refrigerator,86E,The compressor experienced an overvoltage (surge) condition.,compressor,compressor,stop_failure,"1. Power-cycle at the breaker: Unplug or switch off the breaker for sixty seconds, then restore power; request service if the code returns.",easy,manufacturer_listing,https://www.samsung.com/us/support/troubleshoot/TSG10007315/,ApplianceDB free sample (ApplianceDB/ApplianceDB-public@fe7d992),ODbL-1.0
Samsung,US,refrigerator,8E,The freezer ice-maker sensor reported a fault.,ice maker sensor,ice_maker,degraded,1. Request professional service: Samsung directs this ice-maker sensor fault to service; contact the Support Center.,professional_only,manufacturer_listing,https://www.samsung.com/us/support/troubleshoot/TSG10007315/,ApplianceDB free sample (ApplianceDB/ApplianceDB-public@fe7d992),ODbL-1.0
Samsung,US,refrigerator,PCER,A communication fault occurred between internal components.,control board,communication,degraded,"1. Reseat the door harness: Unplug the unit, disconnect and reconnect the wire harness above the door, then restore power; request service if the error returns.",moderate,manufacturer_listing,https://www.samsung.com/us/support/troubleshoot/TSG10007315/,ApplianceDB free sample (ApplianceDB/ApplianceDB-public@fe7d992),ODbL-1.0
Samsung,UK,washer,11E,A low water level was detected during operation.,water level sensor,water_supply,degraded,1. Check hose and leaks: Verify the drain hose position and inspect for leaks.,easy,manufacturer_listing,https://www.samsung.com/uk/support/home-appliances/what-do-the-codes-on-my-washing-machine-mean/,ApplianceDB free sample (ApplianceDB/ApplianceDB-public@fe7d992),ODbL-1.0
Samsung,UK,washer,12E,A control-panel button fault was detected.,control panel,control_board,degraded,1. Clean the buttons: Clean the control buttons with a dampened cloth.,easy,manufacturer_listing,https://www.samsung.com/uk/support/home-appliances/what-do-the-codes-on-my-washing-machine-mean/,ApplianceDB free sample (ApplianceDB/ApplianceDB-public@fe7d992),ODbL-1.0
Samsung,UK,washer,13E,A signal communication fault was detected.,control board,communication,degraded,"1. Power-cycle and wait: Wait briefly or power-cycle, then restart the programme.",easy,manufacturer_listing,https://www.samsung.com/uk/support/home-appliances/what-do-the-codes-on-my-washing-machine-mean/,ApplianceDB free sample (ApplianceDB/ApplianceDB-public@fe7d992),ODbL-1.0
Samsung,UK,washer,1C,The water-level sensor reported a fault.,water level sensor,sensor,degraded,"1. Power-cycle the washer: Switch off for one minute, then restart the programme.",easy,manufacturer_listing,https://www.samsung.com/uk/support/home-appliances/what-do-the-codes-on-my-washing-machine-mean/,ApplianceDB free sample (ApplianceDB/ApplianceDB-public@fe7d992),ODbL-1.0
Samsung,US,washer,1C,The water-level sensor or leak detection reported a fault.,water level sensor,sensor,degraded,1. Check for leaks and suds: Inspect hoses for kinks and leaks and run an empty cycle to confirm no excess suds are present.,easy,manufacturer_listing,https://www.samsung.com/us/support/troubleshoot/TSG10000997/,ApplianceDB free sample (ApplianceDB/ApplianceDB-public@fe7d992),ODbL-1.0
Samsung,UK,washer,3C,A drive-motor fault was detected.,drive motor,motor,stop_failure,"1. Power-cycle the washer: Switch off for one minute, then restart the programme; request service if the motor fault returns.",easy,manufacturer_listing,https://www.samsung.com/uk/support/home-appliances/what-do-the-codes-on-my-washing-machine-mean/,ApplianceDB free sample (ApplianceDB/ApplianceDB-public@fe7d992),ODbL-1.0
Samsung,US,washer,3C,A drive-motor fault was detected.,drive motor,motor,stop_failure,"1. Reset then service: Power off for two to three minutes and restart; if the motor fault returns, request service.",moderate,manufacturer_listing,https://www.samsung.com/us/support/troubleshoot/TSG10000997/,ApplianceDB free sample (ApplianceDB/ApplianceDB-public@fe7d992),ODbL-1.0
Samsung,UK,washer,3CP,An electronic control fault was detected.,control board,control_board,degraded,1. Restart the cycle: Restart the cycle; request service if the control fault returns.,easy,manufacturer_listing,https://www.samsung.com/uk/support/home-appliances/what-do-the-codes-on-my-washing-machine-mean/,ApplianceDB free sample (ApplianceDB/ApplianceDB-public@fe7d992),ODbL-1.0
Samsung,UK,washer,4C,The washer is not receiving water correctly during fill.,water inlet valve,water_supply,stop_failure,"1. Restore the water supply: Open the tap fully, confirm supply pressure is within 0.5 to 8 bar, clean the mesh filter, and check the hose for kinks.",easy,manufacturer_listing,https://www.samsung.com/uk/support/home-appliances/what-do-the-codes-on-my-washing-machine-mean/,ApplianceDB free sample (ApplianceDB/ApplianceDB-public@fe7d992),ODbL-1.0
Samsung,US,washer,4C,The washer is not receiving water correctly during fill.,water inlet valve,water_supply,stop_failure,"1. Restore the water supply: Confirm the hoses are connected without kinks, open the supply valves fully, seat the drain hose correctly, and power-cycle for one minute.",easy,manufacturer_listing,https://www.samsung.com/us/support/troubleshoot/TSG10000997/,ApplianceDB free sample (ApplianceDB/ApplianceDB-public@fe7d992),ODbL-1.0
Samsung,UK,washer,4C2,"The incoming water is running hot, indicating a hot-tap connection.",supply hoses,water_supply,degraded,"1. Connect to the cold supply: Ensure the inlet hose is connected to the cold (blue) tap, not the hot supply.",easy,manufacturer_listing,https://www.samsung.com/uk/support/home-appliances/what-do-the-codes-on-my-washing-machine-mean/,ApplianceDB free sample (ApplianceDB/ApplianceDB-public@fe7d992),ODbL-1.0
Samsung,US,washer,4C2,"The cold supply line is running unexpectedly hot, indicating reversed hoses.",supply hoses,water_supply,degraded,,,manufacturer_listing,https://www.samsung.com/us/support/troubleshoot/TSG10000997/,ApplianceDB free sample (ApplianceDB/ApplianceDB-public@fe7d992),ODbL-1.0
Samsung,UK,washer,5C,The washer cannot drain the water away.,drain pump,drainage,stop_failure,"1. Clear the drain: Empty via the emergency drain hose, clean the pump filter, and check the drain hose for blockages or kinks.",easy,manufacturer_listing,https://www.samsung.com/uk/support/home-appliances/what-do-the-codes-on-my-washing-machine-mean/,ApplianceDB free sample (ApplianceDB/ApplianceDB-public@fe7d992),ODbL-1.0
Samsung,US,washer,5C,"Water is not leaving the tub at the expected rate, or at all.",drain pump,drainage,stop_failure,"1. Clear the drain path: Check the drain hose and drain filter for clogs or kinks, clear them, then restart the cycle. | 2. Replace the drain pump: If the drain path is clear and the code returns, disconnect power and water, open the lower access panel, and replace the drain pump (the component Samsung attributes to this code).",easy,manufacturer_listing,https://www.samsung.com/us/support/troubleshoot/TSG10000997/,ApplianceDB free sample (ApplianceDB/ApplianceDB-public@fe7d992),ODbL-1.0
Samsung,UK,washer,6E,The water heater is malfunctioning.,heating element,heating,stop_failure,1. Request professional service: Samsung directs water-heater faults to the Service Centre.,professional_only,manufacturer_listing,https://www.samsung.com/uk/support/home-appliances/what-do-the-codes-on-my-washing-machine-mean/,ApplianceDB free sample (ApplianceDB/ApplianceDB-public@fe7d992),ODbL-1.0
Samsung,UK,washer,8C,The vibration (MEMS) sensor reported a fault.,vibration sensor,sensor,degraded,1. Power-cycle the washer: Power off and restart the cycle.,easy,manufacturer_listing,https://www.samsung.com/uk/support/home-appliances/what-do-the-codes-on-my-washing-machine-mean/,ApplianceDB free sample (ApplianceDB/ApplianceDB-public@fe7d992),ODbL-1.0
Samsung,US,washer,8C,The vibration (MEMS) sensor reported a fault.,vibration sensor,sensor,degraded,,,manufacturer_listing,https://www.samsung.com/us/support/troubleshoot/TSG10000997/,ApplianceDB free sample (ApplianceDB/ApplianceDB-public@fe7d992),ODbL-1.0
Samsung,UK,washer,9C1,Low supply voltage was detected.,power supply,power,degraded,1. Check the power supply: Verify the power supply and plug connection deliver stable voltage.,moderate,manufacturer_listing,https://www.samsung.com/uk/support/home-appliances/what-do-the-codes-on-my-washing-machine-mean/,ApplianceDB free sample (ApplianceDB/ApplianceDB-public@fe7d992),ODbL-1.0
Samsung,US,washer,9C1,An irregularity was detected in the supply voltage.,power supply,power,stop_failure,,,manufacturer_listing,https://www.samsung.com/us/support/troubleshoot/TSG10000997/,ApplianceDB free sample (ApplianceDB/ApplianceDB-public@fe7d992),ODbL-1.0
Samsung,US,washer,AC,A communication fault occurred between electronic modules.,control board,communication,degraded,,,manufacturer_listing,https://www.samsung.com/us/support/troubleshoot/TSG10000997/,ApplianceDB free sample (ApplianceDB/ApplianceDB-public@fe7d992),ODbL-1.0
Samsung,UK,washer,CB,The washer is running a calibration cycle.,control system,informational,informational,1. Let calibration finish: Verify the cold water supply and allow the calibration cycle to complete.,easy,manufacturer_listing,https://www.samsung.com/uk/support/home-appliances/what-do-the-codes-on-my-washing-machine-mean/,ApplianceDB free sample (ApplianceDB/ApplianceDB-public@fe7d992),ODbL-1.0
Samsung,UK,washer,DC,The door is not fully closed or something is trapped in it.,door lock assembly,door_lock,stop_failure,1. Secure the door: Ensure the door is fully closed with nothing trapped in it.,easy,manufacturer_listing,https://www.samsung.com/uk/support/home-appliances/what-do-the-codes-on-my-washing-machine-mean/,ApplianceDB free sample (ApplianceDB/ApplianceDB-public@fe7d992),ODbL-1.0
Samsung,US,washer,DC,The door is not closed and locked.,door lock assembly,door_lock,stop_failure,"1. Secure the door: Confirm the latch is intact, clear anything caught in the door, and close it firmly until it locks. | 2. Replace the door lock: If the latch is intact and the door still reads open, disconnect power and replace the door lock switch assembly.",easy,manufacturer_listing,https://www.samsung.com/us/support/troubleshoot/TSG10000997/,ApplianceDB free sample (ApplianceDB/ApplianceDB-public@fe7d992),ODbL-1.0
Samsung,UK,washer,DDC,The AddWash door was opened without pausing the cycle.,add door,door_lock,degraded,1. Close and resume: Close the AddWash door and press Start/Pause to resume.,easy,manufacturer_listing,https://www.samsung.com/uk/support/home-appliances/what-do-the-codes-on-my-washing-machine-mean/,ApplianceDB free sample (ApplianceDB/ApplianceDB-public@fe7d992),ODbL-1.0
Samsung,UK,washer,DE2,The on/off switch reported a fault.,power switch,power,degraded,"1. Rest and retry: Power off, wait five minutes, and try again.",easy,manufacturer_listing,https://www.samsung.com/uk/support/home-appliances/what-do-the-codes-on-my-washing-machine-mean/,ApplianceDB free sample (ApplianceDB/ApplianceDB-public@fe7d992),ODbL-1.0
Samsung,UK,washer,E3,"An overflow condition was detected, often from excess detergent.",drainage system,suds,degraded,"1. Reduce detergent and reset: Use less detergent, then power-cycle and restart.",easy,manufacturer_listing,https://www.samsung.com/uk/support/home-appliances/what-do-the-codes-on-my-washing-machine-mean/,ApplianceDB free sample (ApplianceDB/ApplianceDB-public@fe7d992),ODbL-1.0
Samsung,UK,washer,E4,An unbalanced load was detected.,drum suspension,unbalanced,degraded,"1. Rebalance the load: Redistribute the laundry, or add items to balance a small load.",easy,manufacturer_listing,https://www.samsung.com/uk/support/home-appliances/what-do-the-codes-on-my-washing-machine-mean/,ApplianceDB free sample (ApplianceDB/ApplianceDB-public@fe7d992),ODbL-1.0
Samsung,UK,washer,EA,A motor fault was detected.,drive motor,motor,stop_failure,"1. Power-cycle the washer: Switch off for one minute, then restart the programme.",easy,manufacturer_listing,https://www.samsung.com/uk/support/home-appliances/what-do-the-codes-on-my-washing-machine-mean/,ApplianceDB free sample (ApplianceDB/ApplianceDB-public@fe7d992),ODbL-1.0
Samsung,UK,washer,EC,The temperature sensor is reading incorrectly.,temperature sensor,sensor,degraded,"1. Power-cycle the washer: Switch off for one minute, then restart the programme.",easy,manufacturer_listing,https://www.samsung.com/uk/support/home-appliances/what-do-the-codes-on-my-washing-machine-mean/,ApplianceDB free sample (ApplianceDB/ApplianceDB-public@fe7d992),ODbL-1.0
Samsung,UK,washer,FE,A fan fault was detected on washer-dryer models.,fan,fan,degraded,1. Request professional service: Samsung directs fan faults to the Service Centre.,professional_only,manufacturer_listing,https://www.samsung.com/uk/support/home-appliances/what-do-the-codes-on-my-washing-machine-mean/,ApplianceDB free sample (ApplianceDB/ApplianceDB-public@fe7d992),ODbL-1.0
Samsung,US,washer,HC,The heating circuit is out of range.,heating element,heating,degraded,"1. Basic reset: Power off for two to three minutes, power on, and restart the cycle; contact support if it persists.",easy,manufacturer_listing,https://www.samsung.com/us/support/troubleshoot/TSG10000997/,ApplianceDB free sample (ApplianceDB/ApplianceDB-public@fe7d992),ODbL-1.0
Samsung,UK,washer,HE2,The dryer heater overheated and shut down for safety.,dryer heater,heating,stop_failure,1. Request professional service: The dryer heater shut down for safety; contact the Service Centre.,professional_only,manufacturer_listing,https://www.samsung.com/uk/support/home-appliances/what-do-the-codes-on-my-washing-machine-mean/,ApplianceDB free sample (ApplianceDB/ApplianceDB-public@fe7d992),ODbL-1.0
Samsung,UK,washer,HE3,The steam function is malfunctioning.,steam generator,heating,degraded,1. Request professional service: Samsung directs steam-function faults to the Service Centre.,professional_only,manufacturer_listing,https://www.samsung.com/uk/support/home-appliances/what-do-the-codes-on-my-washing-machine-mean/,ApplianceDB free sample (ApplianceDB/ApplianceDB-public@fe7d992),ODbL-1.0
Samsung,UK,washer,HOT,The appliance is hot and the fan is running until it cools.,temperature regulation,informational,informational,1. Let it cool: Not a fault: the fan runs until the appliance cools to about 55 degrees Celsius.,easy,manufacturer_listing,https://www.samsung.com/uk/support/home-appliances/what-do-the-codes-on-my-washing-machine-mean/,ApplianceDB free sample (ApplianceDB/ApplianceDB-public@fe7d992),ODbL-1.0
Samsung,US,washer,OC,The water level rose above the permitted maximum.,water level sensor,water_supply,stop_failure,1. Address the overflow: Follow the drainage checks to remove excess water and inspect for a stuck water valve or level sensor.,moderate,manufacturer_listing,https://www.samsung.com/us/support/troubleshoot/TSG10000997/,ApplianceDB free sample (ApplianceDB/ApplianceDB-public@fe7d992),ODbL-1.0
Samsung,US,washer,PC,A clutch-position fault was detected.,clutch,motor,degraded,,,manufacturer_listing,https://www.samsung.com/us/support/troubleshoot/TSG10000997/,ApplianceDB free sample (ApplianceDB/ApplianceDB-public@fe7d992),ODbL-1.0
Samsung,UK,washer,PLO,A power fault was detected at the socket or fuse.,power supply,power,degraded,"1. Check socket and fuse: Power-cycle, check the socket, and replace the plug fuse if needed.",moderate,manufacturer_listing,https://www.samsung.com/uk/support/home-appliances/what-do-the-codes-on-my-washing-machine-mean/,ApplianceDB free sample (ApplianceDB/ApplianceDB-public@fe7d992),ODbL-1.0
Samsung,US,washer,SDC,The detergent drawer is not fully closed.,detergent drawer,dispenser,degraded,,,manufacturer_listing,https://www.samsung.com/us/support/troubleshoot/TSG10000997/,ApplianceDB free sample (ApplianceDB/ApplianceDB-public@fe7d992),ODbL-1.0
Samsung,US,washer,SUD,Excess suds were detected and the cycle paused to clear the foam.,detergent system,suds,degraded,"1. Clear the suds: Run an empty cycle with no additives until the suds clear, then reduce detergent going forward.",easy,manufacturer_listing,https://www.samsung.com/us/support/troubleshoot/TSG10000997/,ApplianceDB free sample (ApplianceDB/ApplianceDB-public@fe7d992),ODbL-1.0
Samsung,US,washer,TE,A temperature-sensor fault was detected.,temperature sensor,sensor,degraded,,,manufacturer_listing,https://www.samsung.com/us/support/troubleshoot/TSG10000997/,ApplianceDB free sample (ApplianceDB/ApplianceDB-public@fe7d992),ODbL-1.0
Samsung,US,washer,UB,The load is unbalanced and the drum cannot spin safely.,drum suspension,unbalanced,degraded,"1. Rebalance the load: Untangle and redistribute the laundry evenly in the tub, close the door, and restart.",easy,manufacturer_listing,https://www.samsung.com/us/support/troubleshoot/TSG10000997/,ApplianceDB free sample (ApplianceDB/ApplianceDB-public@fe7d992),ODbL-1.0
Samsung,UK,washer,UC,Voltage fluctuation was detected in the supply.,power supply,power,degraded,1. Stabilize the supply: Connect directly to a wall socket without extension cables and verify the supply.,easy,manufacturer_listing,https://www.samsung.com/uk/support/home-appliances/what-do-the-codes-on-my-washing-machine-mean/,ApplianceDB free sample (ApplianceDB/ApplianceDB-public@fe7d992),ODbL-1.0
