brand,appliance_type,code,canonical_code,also_shown_as,meaning,what_to_do,needs_service,source_name,source_url,license
Samsung,washer,4E,4E,"4E1, 4C, 4C1, NF",No water coming in - the fill timed out,"Check the tap is open, the inlet hose is not kinked and its filter is not blocked. In winter check the hose and tap are not frozen. Then press Start/Pause to carry on.",no,perseus177/ha-samsung-washer-local,https://github.com/perseus177/ha-samsung-washer-local/blob/b75ef1ee561de4426d2f150c81ce786169df2b3b/custom_components/samsung_washer_local/const.py,MIT
Samsung,washer,4E1,4E,"4E, 4C, 4C1, NF",No water coming in - the fill timed out,"Check the tap is open, the inlet hose is not kinked and its filter is not blocked. In winter check the hose and tap are not frozen. Then press Start/Pause to carry on.",no,perseus177/ha-samsung-washer-local,https://github.com/perseus177/ha-samsung-washer-local/blob/b75ef1ee561de4426d2f150c81ce786169df2b3b/custom_components/samsung_washer_local/const.py,MIT
Samsung,washer,4C,4E,"4E, 4E1, 4C1, NF",No water coming in - the fill timed out,"Check the tap is open, the inlet hose is not kinked and its filter is not blocked. In winter check the hose and tap are not frozen. Then press Start/Pause to carry on.",no,perseus177/ha-samsung-washer-local,https://github.com/perseus177/ha-samsung-washer-local/blob/b75ef1ee561de4426d2f150c81ce786169df2b3b/custom_components/samsung_washer_local/const.py,MIT
Samsung,washer,4C1,4E,"4E, 4E1, 4C, NF",No water coming in - the fill timed out,"Check the tap is open, the inlet hose is not kinked and its filter is not blocked. In winter check the hose and tap are not frozen. Then press Start/Pause to carry on.",no,perseus177/ha-samsung-washer-local,https://github.com/perseus177/ha-samsung-washer-local/blob/b75ef1ee561de4426d2f150c81ce786169df2b3b/custom_components/samsung_washer_local/const.py,MIT
Samsung,washer,NF,4E,"4E, 4E1, 4C, 4C1",No water coming in - the fill timed out,"Check the tap is open, the inlet hose is not kinked and its filter is not blocked. In winter check the hose and tap are not frozen. Then press Start/Pause to carry on.",no,perseus177/ha-samsung-washer-local,https://github.com/perseus177/ha-samsung-washer-local/blob/b75ef1ee561de4426d2f150c81ce786169df2b3b/custom_components/samsung_washer_local/const.py,MIT
Samsung,washer,4E2,4E2,"4C2, NF1",Incoming water is too hot for the fabric,"Check the cold and hot inlet hoses are not swapped, then press Start/Pause.",no,perseus177/ha-samsung-washer-local,https://github.com/perseus177/ha-samsung-washer-local/blob/b75ef1ee561de4426d2f150c81ce786169df2b3b/custom_components/samsung_washer_local/const.py,MIT
Samsung,washer,4C2,4E2,"4E2, NF1",Incoming water is too hot for the fabric,"Check the cold and hot inlet hoses are not swapped, then press Start/Pause.",no,perseus177/ha-samsung-washer-local,https://github.com/perseus177/ha-samsung-washer-local/blob/b75ef1ee561de4426d2f150c81ce786169df2b3b/custom_components/samsung_washer_local/const.py,MIT
Samsung,washer,NF1,4E2,"4E2, 4C2",Incoming water is too hot for the fabric,"Check the cold and hot inlet hoses are not swapped, then press Start/Pause.",no,perseus177/ha-samsung-washer-local,https://github.com/perseus177/ha-samsung-washer-local/blob/b75ef1ee561de4426d2f150c81ce786169df2b3b/custom_components/samsung_washer_local/const.py,MIT
Samsung,washer,5E,5E,5C,The water is not draining,"Clean the drain filter and check the drain hose is not blocked, kinked or frozen. Then press Start/Pause.",no,perseus177/ha-samsung-washer-local,https://github.com/perseus177/ha-samsung-washer-local/blob/b75ef1ee561de4426d2f150c81ce786169df2b3b/custom_components/samsung_washer_local/const.py,MIT
Samsung,washer,5C,5E,5E,The water is not draining,"Clean the drain filter and check the drain hose is not blocked, kinked or frozen. Then press Start/Pause.",no,perseus177/ha-samsung-washer-local,https://github.com/perseus177/ha-samsung-washer-local/blob/b75ef1ee561de4426d2f150c81ce786169df2b3b/custom_components/samsung_washer_local/const.py,MIT
Samsung,washer,UE,UE,UB,"The load is unbalanced, so it will not spin","Redistribute the laundry, or add a little more if the drum is nearly empty, then press Start/Pause. Waterproof items cause this too - they trap water on one side.",no,perseus177/ha-samsung-washer-local,https://github.com/perseus177/ha-samsung-washer-local/blob/b75ef1ee561de4426d2f150c81ce786169df2b3b/custom_components/samsung_washer_local/const.py,MIT
Samsung,washer,UB,UE,UE,"The load is unbalanced, so it will not spin","Redistribute the laundry, or add a little more if the drum is nearly empty, then press Start/Pause. Waterproof items cause this too - they trap water on one side.",no,perseus177/ha-samsung-washer-local,https://github.com/perseus177/ha-samsung-washer-local/blob/b75ef1ee561de4426d2f150c81ce786169df2b3b/custom_components/samsung_washer_local/const.py,MIT
Samsung,washer,UB1,UB1,,"Waterproof items in the drum, so it will not spin","Take them out: water cannot escape through them, so they stay on one side and the drum cannot balance.",no,perseus177/ha-samsung-washer-local,https://github.com/perseus177/ha-samsung-washer-local/blob/b75ef1ee561de4426d2f150c81ce786169df2b3b/custom_components/samsung_washer_local/const.py,MIT
Samsung,washer,DS,DS,"DE, DC",The door is open,"Close it firmly, then press Start/Pause if the cycle does not carry on by itself.",no,perseus177/ha-samsung-washer-local,https://github.com/perseus177/ha-samsung-washer-local/blob/b75ef1ee561de4426d2f150c81ce786169df2b3b/custom_components/samsung_washer_local/const.py,MIT
Samsung,washer,DE,DS,"DS, DC",The door is open,"Close it firmly, then press Start/Pause if the cycle does not carry on by itself.",no,perseus177/ha-samsung-washer-local,https://github.com/perseus177/ha-samsung-washer-local/blob/b75ef1ee561de4426d2f150c81ce786169df2b3b/custom_components/samsung_washer_local/const.py,MIT
Samsung,washer,DC,DS,"DS, DE",The door is open,"Close it firmly, then press Start/Pause if the cycle does not carry on by itself.",no,perseus177/ha-samsung-washer-local,https://github.com/perseus177/ha-samsung-washer-local/blob/b75ef1ee561de4426d2f150c81ce786169df2b3b/custom_components/samsung_washer_local/const.py,MIT
Samsung,washer,DDC,DDC,,The AddWash door is open,"Close it, then press Start/Pause.",no,perseus177/ha-samsung-washer-local,https://github.com/perseus177/ha-samsung-washer-local/blob/b75ef1ee561de4426d2f150c81ce786169df2b3b/custom_components/samsung_washer_local/const.py,MIT
Samsung,washer,DC4,DC4,,The inner door is open,"Close it firmly, then press Start/Pause. If it keeps reporting this, it needs a service visit.",yes,perseus177/ha-samsung-washer-local,https://github.com/perseus177/ha-samsung-washer-local/blob/b75ef1ee561de4426d2f150c81ce786169df2b3b/custom_components/samsung_washer_local/const.py,MIT
Samsung,washer,SDE,SDE,SDC,The automatic detergent drawer is open,Close the detergent compartment.,no,perseus177/ha-samsung-washer-local,https://github.com/perseus177/ha-samsung-washer-local/blob/b75ef1ee561de4426d2f150c81ce786169df2b3b/custom_components/samsung_washer_local/const.py,MIT
Samsung,washer,SDC,SDE,SDE,The automatic detergent drawer is open,Close the detergent compartment.,no,perseus177/ha-samsung-washer-local,https://github.com/perseus177/ha-samsung-washer-local/blob/b75ef1ee561de4426d2f150c81ce786169df2b3b/custom_components/samsung_washer_local/const.py,MIT
Samsung,washer,CL,CL,,Child lock is on,Switch it off at the panel. Nothing can be started or cancelled while it is on.,no,perseus177/ha-samsung-washer-local,https://github.com/perseus177/ha-samsung-washer-local/blob/b75ef1ee561de4426d2f150c81ce786169df2b3b/custom_components/samsung_washer_local/const.py,MIT
Samsung,washer,NC,NC,,The lint filter is missing,Put it back in its slot.,no,perseus177/ha-samsung-washer-local,https://github.com/perseus177/ha-samsung-washer-local/blob/b75ef1ee561de4426d2f150c81ce786169df2b3b/custom_components/samsung_washer_local/const.py,MIT
Samsung,washer,NC2,NC2,,The heat exchanger filter is missing,Put it back in its slot.,no,perseus177/ha-samsung-washer-local,https://github.com/perseus177/ha-samsung-washer-local/blob/b75ef1ee561de4426d2f150c81ce786169df2b3b/custom_components/samsung_washer_local/const.py,MIT
Samsung,washer,LE,LE,"LC, LE1, LC1",A water leak was detected,"Check around the drain filter and the hoses. Switch off and on after 2-3 minutes and try again; if it returns, it needs a service visit.",yes,perseus177/ha-samsung-washer-local,https://github.com/perseus177/ha-samsung-washer-local/blob/b75ef1ee561de4426d2f150c81ce786169df2b3b/custom_components/samsung_washer_local/const.py,MIT
Samsung,washer,LC,LE,"LE, LE1, LC1",A water leak was detected,"Check around the drain filter and the hoses. Switch off and on after 2-3 minutes and try again; if it returns, it needs a service visit.",yes,perseus177/ha-samsung-washer-local,https://github.com/perseus177/ha-samsung-washer-local/blob/b75ef1ee561de4426d2f150c81ce786169df2b3b/custom_components/samsung_washer_local/const.py,MIT
Samsung,washer,LE1,LE,"LE, LC, LC1",A water leak was detected,"Check around the drain filter and the hoses. Switch off and on after 2-3 minutes and try again; if it returns, it needs a service visit.",yes,perseus177/ha-samsung-washer-local,https://github.com/perseus177/ha-samsung-washer-local/blob/b75ef1ee561de4426d2f150c81ce786169df2b3b/custom_components/samsung_washer_local/const.py,MIT
Samsung,washer,LC1,LE,"LE, LC, LE1",A water leak was detected,"Check around the drain filter and the hoses. Switch off and on after 2-3 minutes and try again; if it returns, it needs a service visit.",yes,perseus177/ha-samsung-washer-local,https://github.com/perseus177/ha-samsung-washer-local/blob/b75ef1ee561de4426d2f150c81ce786169df2b3b/custom_components/samsung_washer_local/const.py,MIT
Samsung,washer,OE,OE,"OF, OC",Overfilling - water kept coming in,Close the tap and call service. Do not run it in this state.,yes,perseus177/ha-samsung-washer-local,https://github.com/perseus177/ha-samsung-washer-local/blob/b75ef1ee561de4426d2f150c81ce786169df2b3b/custom_components/samsung_washer_local/const.py,MIT
Samsung,washer,OF,OE,"OE, OC",Overfilling - water kept coming in,Close the tap and call service. Do not run it in this state.,yes,perseus177/ha-samsung-washer-local,https://github.com/perseus177/ha-samsung-washer-local/blob/b75ef1ee561de4426d2f150c81ce786169df2b3b/custom_components/samsung_washer_local/const.py,MIT
Samsung,washer,OC,OE,"OE, OF",Overfilling - water kept coming in,Close the tap and call service. Do not run it in this state.,yes,perseus177/ha-samsung-washer-local,https://github.com/perseus177/ha-samsung-washer-local/blob/b75ef1ee561de4426d2f150c81ce786169df2b3b/custom_components/samsung_washer_local/const.py,MIT
Samsung,washer,CE,CE,CC,The drum or the water is too hot for the next step,"Check the cold and hot inlet hoses are not swapped, then press Start/Pause.",no,perseus177/ha-samsung-washer-local,https://github.com/perseus177/ha-samsung-washer-local/blob/b75ef1ee561de4426d2f150c81ce786169df2b3b/custom_components/samsung_washer_local/const.py,MIT
Samsung,washer,CC,CE,CE,The drum or the water is too hot for the next step,"Check the cold and hot inlet hoses are not swapped, then press Start/Pause.",no,perseus177/ha-samsung-washer-local,https://github.com/perseus177/ha-samsung-washer-local/blob/b75ef1ee561de4426d2f150c81ce786169df2b3b/custom_components/samsung_washer_local/const.py,MIT
Samsung,washer,E2,E2,"BE2, C2, BC2",A button is stuck,"Check nothing is resting on the panel, then switch off and on.",no,perseus177/ha-samsung-washer-local,https://github.com/perseus177/ha-samsung-washer-local/blob/b75ef1ee561de4426d2f150c81ce786169df2b3b/custom_components/samsung_washer_local/const.py,MIT
Samsung,washer,BE2,E2,"E2, C2, BC2",A button is stuck,"Check nothing is resting on the panel, then switch off and on.",no,perseus177/ha-samsung-washer-local,https://github.com/perseus177/ha-samsung-washer-local/blob/b75ef1ee561de4426d2f150c81ce786169df2b3b/custom_components/samsung_washer_local/const.py,MIT
Samsung,washer,C2,E2,"E2, BE2, BC2",A button is stuck,"Check nothing is resting on the panel, then switch off and on.",no,perseus177/ha-samsung-washer-local,https://github.com/perseus177/ha-samsung-washer-local/blob/b75ef1ee561de4426d2f150c81ce786169df2b3b/custom_components/samsung_washer_local/const.py,MIT
Samsung,washer,BC2,E2,"E2, BE2, C2",A button is stuck,"Check nothing is resting on the panel, then switch off and on.",no,perseus177/ha-samsung-washer-local,https://github.com/perseus177/ha-samsung-washer-local/blob/b75ef1ee561de4426d2f150c81ce786169df2b3b/custom_components/samsung_washer_local/const.py,MIT
Samsung,washer,2E,2E,"2C, UC, 9E1, 9E2, 9C1, 9C2",Mains supply out of range,"Check the appliance is switched on at the socket and the supply is steady. If it persists, it needs a service visit.",yes,perseus177/ha-samsung-washer-local,https://github.com/perseus177/ha-samsung-washer-local/blob/b75ef1ee561de4426d2f150c81ce786169df2b3b/custom_components/samsung_washer_local/const.py,MIT
Samsung,washer,2C,2E,"2E, UC, 9E1, 9E2, 9C1, 9C2",Mains supply out of range,"Check the appliance is switched on at the socket and the supply is steady. If it persists, it needs a service visit.",yes,perseus177/ha-samsung-washer-local,https://github.com/perseus177/ha-samsung-washer-local/blob/b75ef1ee561de4426d2f150c81ce786169df2b3b/custom_components/samsung_washer_local/const.py,MIT
Samsung,washer,UC,2E,"2E, 2C, 9E1, 9E2, 9C1, 9C2",Mains supply out of range,"Check the appliance is switched on at the socket and the supply is steady. If it persists, it needs a service visit.",yes,perseus177/ha-samsung-washer-local,https://github.com/perseus177/ha-samsung-washer-local/blob/b75ef1ee561de4426d2f150c81ce786169df2b3b/custom_components/samsung_washer_local/const.py,MIT
Samsung,washer,9E1,2E,"2E, 2C, UC, 9E2, 9C1, 9C2",Mains supply out of range,"Check the appliance is switched on at the socket and the supply is steady. If it persists, it needs a service visit.",yes,perseus177/ha-samsung-washer-local,https://github.com/perseus177/ha-samsung-washer-local/blob/b75ef1ee561de4426d2f150c81ce786169df2b3b/custom_components/samsung_washer_local/const.py,MIT
Samsung,washer,9E2,2E,"2E, 2C, UC, 9E1, 9C1, 9C2",Mains supply out of range,"Check the appliance is switched on at the socket and the supply is steady. If it persists, it needs a service visit.",yes,perseus177/ha-samsung-washer-local,https://github.com/perseus177/ha-samsung-washer-local/blob/b75ef1ee561de4426d2f150c81ce786169df2b3b/custom_components/samsung_washer_local/const.py,MIT
Samsung,washer,9C1,2E,"2E, 2C, UC, 9E1, 9E2, 9C2",Mains supply out of range,"Check the appliance is switched on at the socket and the supply is steady. If it persists, it needs a service visit.",yes,perseus177/ha-samsung-washer-local,https://github.com/perseus177/ha-samsung-washer-local/blob/b75ef1ee561de4426d2f150c81ce786169df2b3b/custom_components/samsung_washer_local/const.py,MIT
Samsung,washer,9C2,2E,"2E, 2C, UC, 9E1, 9E2, 9C1",Mains supply out of range,"Check the appliance is switched on at the socket and the supply is steady. If it persists, it needs a service visit.",yes,perseus177/ha-samsung-washer-local,https://github.com/perseus177/ha-samsung-washer-local/blob/b75ef1ee561de4426d2f150c81ce786169df2b3b/custom_components/samsung_washer_local/const.py,MIT
Samsung,washer,AE4,AE4,AC4,The Wi-Fi module is not answering the appliance,A network problem rather than a wash problem. Switch off and on after 2-3 minutes.,no,perseus177/ha-samsung-washer-local,https://github.com/perseus177/ha-samsung-washer-local/blob/b75ef1ee561de4426d2f150c81ce786169df2b3b/custom_components/samsung_washer_local/const.py,MIT
Samsung,washer,AC4,AE4,AE4,The Wi-Fi module is not answering the appliance,A network problem rather than a wash problem. Switch off and on after 2-3 minutes.,no,perseus177/ha-samsung-washer-local,https://github.com/perseus177/ha-samsung-washer-local/blob/b75ef1ee561de4426d2f150c81ce786169df2b3b/custom_components/samsung_washer_local/const.py,MIT
Samsung,washer,4E3,4E3,4C3,Diverter valve or cooling fan,This can happen below -10 C: leave it at room temperature for half an hour and try again. Otherwise it needs a service visit.,yes,perseus177/ha-samsung-washer-local,https://github.com/perseus177/ha-samsung-washer-local/blob/b75ef1ee561de4426d2f150c81ce786169df2b3b/custom_components/samsung_washer_local/const.py,MIT
Samsung,washer,4C3,4E3,4E3,Diverter valve or cooling fan,This can happen below -10 C: leave it at room temperature for half an hour and try again. Otherwise it needs a service visit.,yes,perseus177/ha-samsung-washer-local,https://github.com/perseus177/ha-samsung-washer-local/blob/b75ef1ee561de4426d2f150c81ce786169df2b3b/custom_components/samsung_washer_local/const.py,MIT
Samsung,washer,1E,1E,1C,Water level sensor,"Nothing to do at home beyond one power cycle: switch off, wait 2-3 minutes, switch on and try again. If it comes back, it needs a service visit.",yes,perseus177/ha-samsung-washer-local,https://github.com/perseus177/ha-samsung-washer-local/blob/b75ef1ee561de4426d2f150c81ce786169df2b3b/custom_components/samsung_washer_local/const.py,MIT
Samsung,washer,1C,1E,1E,Water level sensor,"Nothing to do at home beyond one power cycle: switch off, wait 2-3 minutes, switch on and try again. If it comes back, it needs a service visit.",yes,perseus177/ha-samsung-washer-local,https://github.com/perseus177/ha-samsung-washer-local/blob/b75ef1ee561de4426d2f150c81ce786169df2b3b/custom_components/samsung_washer_local/const.py,MIT
Samsung,washer,TE,TE,"TE1, TC, TC1",Wash temperature sensor,"Nothing to do at home beyond one power cycle: switch off, wait 2-3 minutes, switch on and try again. If it comes back, it needs a service visit.",yes,perseus177/ha-samsung-washer-local,https://github.com/perseus177/ha-samsung-washer-local/blob/b75ef1ee561de4426d2f150c81ce786169df2b3b/custom_components/samsung_washer_local/const.py,MIT
Samsung,washer,TE1,TE,"TE, TC, TC1",Wash temperature sensor,"Nothing to do at home beyond one power cycle: switch off, wait 2-3 minutes, switch on and try again. If it comes back, it needs a service visit.",yes,perseus177/ha-samsung-washer-local,https://github.com/perseus177/ha-samsung-washer-local/blob/b75ef1ee561de4426d2f150c81ce786169df2b3b/custom_components/samsung_washer_local/const.py,MIT
Samsung,washer,TC,TE,"TE, TE1, TC1",Wash temperature sensor,"Nothing to do at home beyond one power cycle: switch off, wait 2-3 minutes, switch on and try again. If it comes back, it needs a service visit.",yes,perseus177/ha-samsung-washer-local,https://github.com/perseus177/ha-samsung-washer-local/blob/b75ef1ee561de4426d2f150c81ce786169df2b3b/custom_components/samsung_washer_local/const.py,MIT
Samsung,washer,TC1,TE,"TE, TE1, TC",Wash temperature sensor,"Nothing to do at home beyond one power cycle: switch off, wait 2-3 minutes, switch on and try again. If it comes back, it needs a service visit.",yes,perseus177/ha-samsung-washer-local,https://github.com/perseus177/ha-samsung-washer-local/blob/b75ef1ee561de4426d2f150c81ce786169df2b3b/custom_components/samsung_washer_local/const.py,MIT
Samsung,washer,TE2,TE2,TC2,Drying air temperature sensor,"Nothing to do at home beyond one power cycle: switch off, wait 2-3 minutes, switch on and try again. If it comes back, it needs a service visit.",yes,perseus177/ha-samsung-washer-local,https://github.com/perseus177/ha-samsung-washer-local/blob/b75ef1ee561de4426d2f150c81ce786169df2b3b/custom_components/samsung_washer_local/const.py,MIT
Samsung,washer,TC2,TE2,TE2,Drying air temperature sensor,"Nothing to do at home beyond one power cycle: switch off, wait 2-3 minutes, switch on and try again. If it comes back, it needs a service visit.",yes,perseus177/ha-samsung-washer-local,https://github.com/perseus177/ha-samsung-washer-local/blob/b75ef1ee561de4426d2f150c81ce786169df2b3b/custom_components/samsung_washer_local/const.py,MIT
Samsung,washer,TE3,TE3,TC3,Drying duct temperature sensor,"Nothing to do at home beyond one power cycle: switch off, wait 2-3 minutes, switch on and try again. If it comes back, it needs a service visit.",yes,perseus177/ha-samsung-washer-local,https://github.com/perseus177/ha-samsung-washer-local/blob/b75ef1ee561de4426d2f150c81ce786169df2b3b/custom_components/samsung_washer_local/const.py,MIT
Samsung,washer,TC3,TE3,TE3,Drying duct temperature sensor,"Nothing to do at home beyond one power cycle: switch off, wait 2-3 minutes, switch on and try again. If it comes back, it needs a service visit.",yes,perseus177/ha-samsung-washer-local,https://github.com/perseus177/ha-samsung-washer-local/blob/b75ef1ee561de4426d2f150c81ce786169df2b3b/custom_components/samsung_washer_local/const.py,MIT
Samsung,washer,TE4,TE4,TC4,Motor temperature sensor,"Nothing to do at home beyond one power cycle: switch off, wait 2-3 minutes, switch on and try again. If it comes back, it needs a service visit.",yes,perseus177/ha-samsung-washer-local,https://github.com/perseus177/ha-samsung-washer-local/blob/b75ef1ee561de4426d2f150c81ce786169df2b3b/custom_components/samsung_washer_local/const.py,MIT
Samsung,washer,TC4,TE4,TE4,Motor temperature sensor,"Nothing to do at home beyond one power cycle: switch off, wait 2-3 minutes, switch on and try again. If it comes back, it needs a service visit.",yes,perseus177/ha-samsung-washer-local,https://github.com/perseus177/ha-samsung-washer-local/blob/b75ef1ee561de4426d2f150c81ce786169df2b3b/custom_components/samsung_washer_local/const.py,MIT
Samsung,washer,TC5,TC5,TE5,Compressor temperature sensor,"Nothing to do at home beyond one power cycle: switch off, wait 2-3 minutes, switch on and try again. If it comes back, it needs a service visit.",yes,perseus177/ha-samsung-washer-local,https://github.com/perseus177/ha-samsung-washer-local/blob/b75ef1ee561de4426d2f150c81ce786169df2b3b/custom_components/samsung_washer_local/const.py,MIT
Samsung,washer,TE5,TC5,TC5,Compressor temperature sensor,"Nothing to do at home beyond one power cycle: switch off, wait 2-3 minutes, switch on and try again. If it comes back, it needs a service visit.",yes,perseus177/ha-samsung-washer-local,https://github.com/perseus177/ha-samsung-washer-local/blob/b75ef1ee561de4426d2f150c81ce786169df2b3b/custom_components/samsung_washer_local/const.py,MIT
Samsung,washer,TC6,TC6,,Water jet temperature sensor,"Nothing to do at home beyond one power cycle: switch off, wait 2-3 minutes, switch on and try again. If it comes back, it needs a service visit.",yes,perseus177/ha-samsung-washer-local,https://github.com/perseus177/ha-samsung-washer-local/blob/b75ef1ee561de4426d2f150c81ce786169df2b3b/custom_components/samsung_washer_local/const.py,MIT
Samsung,washer,TC7,TC7,,Heat exchanger inlet temperature sensor,"Nothing to do at home beyond one power cycle: switch off, wait 2-3 minutes, switch on and try again. If it comes back, it needs a service visit.",yes,perseus177/ha-samsung-washer-local,https://github.com/perseus177/ha-samsung-washer-local/blob/b75ef1ee561de4426d2f150c81ce786169df2b3b/custom_components/samsung_washer_local/const.py,MIT
Samsung,washer,TC8,TC8,,Heat exchanger outlet temperature sensor,"Nothing to do at home beyond one power cycle: switch off, wait 2-3 minutes, switch on and try again. If it comes back, it needs a service visit.",yes,perseus177/ha-samsung-washer-local,https://github.com/perseus177/ha-samsung-washer-local/blob/b75ef1ee561de4426d2f150c81ce786169df2b3b/custom_components/samsung_washer_local/const.py,MIT
Samsung,washer,TCA,TCA,,Compressor top temperature sensor,"Nothing to do at home beyond one power cycle: switch off, wait 2-3 minutes, switch on and try again. If it comes back, it needs a service visit.",yes,perseus177/ha-samsung-washer-local,https://github.com/perseus177/ha-samsung-washer-local/blob/b75ef1ee561de4426d2f150c81ce786169df2b3b/custom_components/samsung_washer_local/const.py,MIT
Samsung,washer,3E,3E,"3E1, 3E2, 3E3, 3E4, BE, 3C, 3C1, 3C2, 3C3, 3C4, 3C5, 3C6, 3C7, 3C8, 3C9, BC, 3CP",Motor,"Nothing to do at home beyond one power cycle: switch off, wait 2-3 minutes, switch on and try again. If it comes back, it needs a service visit.",yes,perseus177/ha-samsung-washer-local,https://github.com/perseus177/ha-samsung-washer-local/blob/b75ef1ee561de4426d2f150c81ce786169df2b3b/custom_components/samsung_washer_local/const.py,MIT
Samsung,washer,3E1,3E,"3E, 3E2, 3E3, 3E4, BE, 3C, 3C1, 3C2, 3C3, 3C4, 3C5, 3C6, 3C7, 3C8, 3C9, BC, 3CP",Motor,"Nothing to do at home beyond one power cycle: switch off, wait 2-3 minutes, switch on and try again. If it comes back, it needs a service visit.",yes,perseus177/ha-samsung-washer-local,https://github.com/perseus177/ha-samsung-washer-local/blob/b75ef1ee561de4426d2f150c81ce786169df2b3b/custom_components/samsung_washer_local/const.py,MIT
Samsung,washer,3E2,3E,"3E, 3E1, 3E3, 3E4, BE, 3C, 3C1, 3C2, 3C3, 3C4, 3C5, 3C6, 3C7, 3C8, 3C9, BC, 3CP",Motor,"Nothing to do at home beyond one power cycle: switch off, wait 2-3 minutes, switch on and try again. If it comes back, it needs a service visit.",yes,perseus177/ha-samsung-washer-local,https://github.com/perseus177/ha-samsung-washer-local/blob/b75ef1ee561de4426d2f150c81ce786169df2b3b/custom_components/samsung_washer_local/const.py,MIT
Samsung,washer,3E3,3E,"3E, 3E1, 3E2, 3E4, BE, 3C, 3C1, 3C2, 3C3, 3C4, 3C5, 3C6, 3C7, 3C8, 3C9, BC, 3CP",Motor,"Nothing to do at home beyond one power cycle: switch off, wait 2-3 minutes, switch on and try again. If it comes back, it needs a service visit.",yes,perseus177/ha-samsung-washer-local,https://github.com/perseus177/ha-samsung-washer-local/blob/b75ef1ee561de4426d2f150c81ce786169df2b3b/custom_components/samsung_washer_local/const.py,MIT
Samsung,washer,3E4,3E,"3E, 3E1, 3E2, 3E3, BE, 3C, 3C1, 3C2, 3C3, 3C4, 3C5, 3C6, 3C7, 3C8, 3C9, BC, 3CP",Motor,"Nothing to do at home beyond one power cycle: switch off, wait 2-3 minutes, switch on and try again. If it comes back, it needs a service visit.",yes,perseus177/ha-samsung-washer-local,https://github.com/perseus177/ha-samsung-washer-local/blob/b75ef1ee561de4426d2f150c81ce786169df2b3b/custom_components/samsung_washer_local/const.py,MIT
Samsung,washer,BE,3E,"3E, 3E1, 3E2, 3E3, 3E4, 3C, 3C1, 3C2, 3C3, 3C4, 3C5, 3C6, 3C7, 3C8, 3C9, BC, 3CP",Motor,"Nothing to do at home beyond one power cycle: switch off, wait 2-3 minutes, switch on and try again. If it comes back, it needs a service visit.",yes,perseus177/ha-samsung-washer-local,https://github.com/perseus177/ha-samsung-washer-local/blob/b75ef1ee561de4426d2f150c81ce786169df2b3b/custom_components/samsung_washer_local/const.py,MIT
Samsung,washer,3C,3E,"3E, 3E1, 3E2, 3E3, 3E4, BE, 3C1, 3C2, 3C3, 3C4, 3C5, 3C6, 3C7, 3C8, 3C9, BC, 3CP",Motor,"Nothing to do at home beyond one power cycle: switch off, wait 2-3 minutes, switch on and try again. If it comes back, it needs a service visit.",yes,perseus177/ha-samsung-washer-local,https://github.com/perseus177/ha-samsung-washer-local/blob/b75ef1ee561de4426d2f150c81ce786169df2b3b/custom_components/samsung_washer_local/const.py,MIT
Samsung,washer,3C1,3E,"3E, 3E1, 3E2, 3E3, 3E4, BE, 3C, 3C2, 3C3, 3C4, 3C5, 3C6, 3C7, 3C8, 3C9, BC, 3CP",Motor,"Nothing to do at home beyond one power cycle: switch off, wait 2-3 minutes, switch on and try again. If it comes back, it needs a service visit.",yes,perseus177/ha-samsung-washer-local,https://github.com/perseus177/ha-samsung-washer-local/blob/b75ef1ee561de4426d2f150c81ce786169df2b3b/custom_components/samsung_washer_local/const.py,MIT
Samsung,washer,3C2,3E,"3E, 3E1, 3E2, 3E3, 3E4, BE, 3C, 3C1, 3C3, 3C4, 3C5, 3C6, 3C7, 3C8, 3C9, BC, 3CP",Motor,"Nothing to do at home beyond one power cycle: switch off, wait 2-3 minutes, switch on and try again. If it comes back, it needs a service visit.",yes,perseus177/ha-samsung-washer-local,https://github.com/perseus177/ha-samsung-washer-local/blob/b75ef1ee561de4426d2f150c81ce786169df2b3b/custom_components/samsung_washer_local/const.py,MIT
Samsung,washer,3C3,3E,"3E, 3E1, 3E2, 3E3, 3E4, BE, 3C, 3C1, 3C2, 3C4, 3C5, 3C6, 3C7, 3C8, 3C9, BC, 3CP",Motor,"Nothing to do at home beyond one power cycle: switch off, wait 2-3 minutes, switch on and try again. If it comes back, it needs a service visit.",yes,perseus177/ha-samsung-washer-local,https://github.com/perseus177/ha-samsung-washer-local/blob/b75ef1ee561de4426d2f150c81ce786169df2b3b/custom_components/samsung_washer_local/const.py,MIT
Samsung,washer,3C4,3E,"3E, 3E1, 3E2, 3E3, 3E4, BE, 3C, 3C1, 3C2, 3C3, 3C5, 3C6, 3C7, 3C8, 3C9, BC, 3CP",Motor,"Nothing to do at home beyond one power cycle: switch off, wait 2-3 minutes, switch on and try again. If it comes back, it needs a service visit.",yes,perseus177/ha-samsung-washer-local,https://github.com/perseus177/ha-samsung-washer-local/blob/b75ef1ee561de4426d2f150c81ce786169df2b3b/custom_components/samsung_washer_local/const.py,MIT
Samsung,washer,3C5,3E,"3E, 3E1, 3E2, 3E3, 3E4, BE, 3C, 3C1, 3C2, 3C3, 3C4, 3C6, 3C7, 3C8, 3C9, BC, 3CP",Motor,"Nothing to do at home beyond one power cycle: switch off, wait 2-3 minutes, switch on and try again. If it comes back, it needs a service visit.",yes,perseus177/ha-samsung-washer-local,https://github.com/perseus177/ha-samsung-washer-local/blob/b75ef1ee561de4426d2f150c81ce786169df2b3b/custom_components/samsung_washer_local/const.py,MIT
Samsung,washer,3C6,3E,"3E, 3E1, 3E2, 3E3, 3E4, BE, 3C, 3C1, 3C2, 3C3, 3C4, 3C5, 3C7, 3C8, 3C9, BC, 3CP",Motor,"Nothing to do at home beyond one power cycle: switch off, wait 2-3 minutes, switch on and try again. If it comes back, it needs a service visit.",yes,perseus177/ha-samsung-washer-local,https://github.com/perseus177/ha-samsung-washer-local/blob/b75ef1ee561de4426d2f150c81ce786169df2b3b/custom_components/samsung_washer_local/const.py,MIT
Samsung,washer,3C7,3E,"3E, 3E1, 3E2, 3E3, 3E4, BE, 3C, 3C1, 3C2, 3C3, 3C4, 3C5, 3C6, 3C8, 3C9, BC, 3CP",Motor,"Nothing to do at home beyond one power cycle: switch off, wait 2-3 minutes, switch on and try again. If it comes back, it needs a service visit.",yes,perseus177/ha-samsung-washer-local,https://github.com/perseus177/ha-samsung-washer-local/blob/b75ef1ee561de4426d2f150c81ce786169df2b3b/custom_components/samsung_washer_local/const.py,MIT
Samsung,washer,3C8,3E,"3E, 3E1, 3E2, 3E3, 3E4, BE, 3C, 3C1, 3C2, 3C3, 3C4, 3C5, 3C6, 3C7, 3C9, BC, 3CP",Motor,"Nothing to do at home beyond one power cycle: switch off, wait 2-3 minutes, switch on and try again. If it comes back, it needs a service visit.",yes,perseus177/ha-samsung-washer-local,https://github.com/perseus177/ha-samsung-washer-local/blob/b75ef1ee561de4426d2f150c81ce786169df2b3b/custom_components/samsung_washer_local/const.py,MIT
Samsung,washer,3C9,3E,"3E, 3E1, 3E2, 3E3, 3E4, BE, 3C, 3C1, 3C2, 3C3, 3C4, 3C5, 3C6, 3C7, 3C8, BC, 3CP",Motor,"Nothing to do at home beyond one power cycle: switch off, wait 2-3 minutes, switch on and try again. If it comes back, it needs a service visit.",yes,perseus177/ha-samsung-washer-local,https://github.com/perseus177/ha-samsung-washer-local/blob/b75ef1ee561de4426d2f150c81ce786169df2b3b/custom_components/samsung_washer_local/const.py,MIT
Samsung,washer,BC,3E,"3E, 3E1, 3E2, 3E3, 3E4, BE, 3C, 3C1, 3C2, 3C3, 3C4, 3C5, 3C6, 3C7, 3C8, 3C9, 3CP",Motor,"Nothing to do at home beyond one power cycle: switch off, wait 2-3 minutes, switch on and try again. If it comes back, it needs a service visit.",yes,perseus177/ha-samsung-washer-local,https://github.com/perseus177/ha-samsung-washer-local/blob/b75ef1ee561de4426d2f150c81ce786169df2b3b/custom_components/samsung_washer_local/const.py,MIT
Samsung,washer,3CP,3E,"3E, 3E1, 3E2, 3E3, 3E4, BE, 3C, 3C1, 3C2, 3C3, 3C4, 3C5, 3C6, 3C7, 3C8, 3C9, BC",Motor,"Nothing to do at home beyond one power cycle: switch off, wait 2-3 minutes, switch on and try again. If it comes back, it needs a service visit.",yes,perseus177/ha-samsung-washer-local,https://github.com/perseus177/ha-samsung-washer-local/blob/b75ef1ee561de4426d2f150c81ce786169df2b3b/custom_components/samsung_washer_local/const.py,MIT
Samsung,washer,3CA,3CA,,Compressor,"Nothing to do at home beyond one power cycle: switch off, wait 2-3 minutes, switch on and try again. If it comes back, it needs a service visit.",yes,perseus177/ha-samsung-washer-local,https://github.com/perseus177/ha-samsung-washer-local/blob/b75ef1ee561de4426d2f150c81ce786169df2b3b/custom_components/samsung_washer_local/const.py,MIT
Samsung,washer,PE,PE,PC,Clutch,"Nothing to do at home beyond one power cycle: switch off, wait 2-3 minutes, switch on and try again. If it comes back, it needs a service visit.",yes,perseus177/ha-samsung-washer-local,https://github.com/perseus177/ha-samsung-washer-local/blob/b75ef1ee561de4426d2f150c81ce786169df2b3b/custom_components/samsung_washer_local/const.py,MIT
Samsung,washer,PC,PE,PE,Clutch,"Nothing to do at home beyond one power cycle: switch off, wait 2-3 minutes, switch on and try again. If it comes back, it needs a service visit.",yes,perseus177/ha-samsung-washer-local,https://github.com/perseus177/ha-samsung-washer-local/blob/b75ef1ee561de4426d2f150c81ce786169df2b3b/custom_components/samsung_washer_local/const.py,MIT
Samsung,washer,FE,FE,"FC, FC3",Drying fan motor,"Nothing to do at home beyond one power cycle: switch off, wait 2-3 minutes, switch on and try again. If it comes back, it needs a service visit.",yes,perseus177/ha-samsung-washer-local,https://github.com/perseus177/ha-samsung-washer-local/blob/b75ef1ee561de4426d2f150c81ce786169df2b3b/custom_components/samsung_washer_local/const.py,MIT
Samsung,washer,FC,FE,"FE, FC3",Drying fan motor,"Nothing to do at home beyond one power cycle: switch off, wait 2-3 minutes, switch on and try again. If it comes back, it needs a service visit.",yes,perseus177/ha-samsung-washer-local,https://github.com/perseus177/ha-samsung-washer-local/blob/b75ef1ee561de4426d2f150c81ce786169df2b3b/custom_components/samsung_washer_local/const.py,MIT
Samsung,washer,FC3,FE,"FE, FC",Drying fan motor,"Nothing to do at home beyond one power cycle: switch off, wait 2-3 minutes, switch on and try again. If it comes back, it needs a service visit.",yes,perseus177/ha-samsung-washer-local,https://github.com/perseus177/ha-samsung-washer-local/blob/b75ef1ee561de4426d2f150c81ce786169df2b3b/custom_components/samsung_washer_local/const.py,MIT
Samsung,washer,HE,HE,HC,The heater is overheating,Switch it off and call service.,yes,perseus177/ha-samsung-washer-local,https://github.com/perseus177/ha-samsung-washer-local/blob/b75ef1ee561de4426d2f150c81ce786169df2b3b/custom_components/samsung_washer_local/const.py,MIT
Samsung,washer,HC,HE,HE,The heater is overheating,Switch it off and call service.,yes,perseus177/ha-samsung-washer-local,https://github.com/perseus177/ha-samsung-washer-local/blob/b75ef1ee561de4426d2f150c81ce786169df2b3b/custom_components/samsung_washer_local/const.py,MIT
Samsung,washer,HE1,HE1,HC1,Wash heater,"Nothing to do at home beyond one power cycle: switch off, wait 2-3 minutes, switch on and try again. If it comes back, it needs a service visit.",yes,perseus177/ha-samsung-washer-local,https://github.com/perseus177/ha-samsung-washer-local/blob/b75ef1ee561de4426d2f150c81ce786169df2b3b/custom_components/samsung_washer_local/const.py,MIT
Samsung,washer,HC1,HE1,HE1,Wash heater,"Nothing to do at home beyond one power cycle: switch off, wait 2-3 minutes, switch on and try again. If it comes back, it needs a service visit.",yes,perseus177/ha-samsung-washer-local,https://github.com/perseus177/ha-samsung-washer-local/blob/b75ef1ee561de4426d2f150c81ce786169df2b3b/custom_components/samsung_washer_local/const.py,MIT
Samsung,washer,HE2,HE2,HC2,Drying heater,"Nothing to do at home beyond one power cycle: switch off, wait 2-3 minutes, switch on and try again. If it comes back, it needs a service visit.",yes,perseus177/ha-samsung-washer-local,https://github.com/perseus177/ha-samsung-washer-local/blob/b75ef1ee561de4426d2f150c81ce786169df2b3b/custom_components/samsung_washer_local/const.py,MIT
Samsung,washer,HC2,HE2,HE2,Drying heater,"Nothing to do at home beyond one power cycle: switch off, wait 2-3 minutes, switch on and try again. If it comes back, it needs a service visit.",yes,perseus177/ha-samsung-washer-local,https://github.com/perseus177/ha-samsung-washer-local/blob/b75ef1ee561de4426d2f150c81ce786169df2b3b/custom_components/samsung_washer_local/const.py,MIT
Samsung,washer,LO,LO,"DE1, DC1, FL",Door lock switch,"Nothing to do at home beyond one power cycle: switch off, wait 2-3 minutes, switch on and try again. If it comes back, it needs a service visit.",yes,perseus177/ha-samsung-washer-local,https://github.com/perseus177/ha-samsung-washer-local/blob/b75ef1ee561de4426d2f150c81ce786169df2b3b/custom_components/samsung_washer_local/const.py,MIT
Samsung,washer,DE1,LO,"LO, DC1, FL",Door lock switch,"Nothing to do at home beyond one power cycle: switch off, wait 2-3 minutes, switch on and try again. If it comes back, it needs a service visit.",yes,perseus177/ha-samsung-washer-local,https://github.com/perseus177/ha-samsung-washer-local/blob/b75ef1ee561de4426d2f150c81ce786169df2b3b/custom_components/samsung_washer_local/const.py,MIT
Samsung,washer,DC1,LO,"LO, DE1, FL",Door lock switch,"Nothing to do at home beyond one power cycle: switch off, wait 2-3 minutes, switch on and try again. If it comes back, it needs a service visit.",yes,perseus177/ha-samsung-washer-local,https://github.com/perseus177/ha-samsung-washer-local/blob/b75ef1ee561de4426d2f150c81ce786169df2b3b/custom_components/samsung_washer_local/const.py,MIT
Samsung,washer,FL,LO,"LO, DE1, DC1",Door lock switch,"Nothing to do at home beyond one power cycle: switch off, wait 2-3 minutes, switch on and try again. If it comes back, it needs a service visit.",yes,perseus177/ha-samsung-washer-local,https://github.com/perseus177/ha-samsung-washer-local/blob/b75ef1ee561de4426d2f150c81ce786169df2b3b/custom_components/samsung_washer_local/const.py,MIT
Samsung,washer,DE2,DE2,DC2,Door lock switch is reacting too often,"Nothing to do at home beyond one power cycle: switch off, wait 2-3 minutes, switch on and try again. If it comes back, it needs a service visit.",yes,perseus177/ha-samsung-washer-local,https://github.com/perseus177/ha-samsung-washer-local/blob/b75ef1ee561de4426d2f150c81ce786169df2b3b/custom_components/samsung_washer_local/const.py,MIT
Samsung,washer,DC2,DE2,DE2,Door lock switch is reacting too often,"Nothing to do at home beyond one power cycle: switch off, wait 2-3 minutes, switch on and try again. If it comes back, it needs a service visit.",yes,perseus177/ha-samsung-washer-local,https://github.com/perseus177/ha-samsung-washer-local/blob/b75ef1ee561de4426d2f150c81ce786169df2b3b/custom_components/samsung_washer_local/const.py,MIT
Samsung,washer,DF,DF,,Door lock switch,Switch it off and call service.,yes,perseus177/ha-samsung-washer-local,https://github.com/perseus177/ha-samsung-washer-local/blob/b75ef1ee561de4426d2f150c81ce786169df2b3b/custom_components/samsung_washer_local/const.py,MIT
Samsung,washer,DC3,DC3,,AddWash door lock switch,"Nothing to do at home beyond one power cycle: switch off, wait 2-3 minutes, switch on and try again. If it comes back, it needs a service visit.",yes,perseus177/ha-samsung-washer-local,https://github.com/perseus177/ha-samsung-washer-local/blob/b75ef1ee561de4426d2f150c81ce786169df2b3b/custom_components/samsung_washer_local/const.py,MIT
Samsung,washer,8E,8E,"8E1, 8E2, 8C, 8C1, 8C2, 8CA1, 8CA2, 8CA3, 8CA4, 8CB1, 8CB2, 8CB3, 8CB4",Vibration sensor,"Nothing to do at home beyond one power cycle: switch off, wait 2-3 minutes, switch on and try again. If it comes back, it needs a service visit.",yes,perseus177/ha-samsung-washer-local,https://github.com/perseus177/ha-samsung-washer-local/blob/b75ef1ee561de4426d2f150c81ce786169df2b3b/custom_components/samsung_washer_local/const.py,MIT
Samsung,washer,8E1,8E,"8E, 8E2, 8C, 8C1, 8C2, 8CA1, 8CA2, 8CA3, 8CA4, 8CB1, 8CB2, 8CB3, 8CB4",Vibration sensor,"Nothing to do at home beyond one power cycle: switch off, wait 2-3 minutes, switch on and try again. If it comes back, it needs a service visit.",yes,perseus177/ha-samsung-washer-local,https://github.com/perseus177/ha-samsung-washer-local/blob/b75ef1ee561de4426d2f150c81ce786169df2b3b/custom_components/samsung_washer_local/const.py,MIT
Samsung,washer,8E2,8E,"8E, 8E1, 8C, 8C1, 8C2, 8CA1, 8CA2, 8CA3, 8CA4, 8CB1, 8CB2, 8CB3, 8CB4",Vibration sensor,"Nothing to do at home beyond one power cycle: switch off, wait 2-3 minutes, switch on and try again. If it comes back, it needs a service visit.",yes,perseus177/ha-samsung-washer-local,https://github.com/perseus177/ha-samsung-washer-local/blob/b75ef1ee561de4426d2f150c81ce786169df2b3b/custom_components/samsung_washer_local/const.py,MIT
Samsung,washer,8C,8E,"8E, 8E1, 8E2, 8C1, 8C2, 8CA1, 8CA2, 8CA3, 8CA4, 8CB1, 8CB2, 8CB3, 8CB4",Vibration sensor,"Nothing to do at home beyond one power cycle: switch off, wait 2-3 minutes, switch on and try again. If it comes back, it needs a service visit.",yes,perseus177/ha-samsung-washer-local,https://github.com/perseus177/ha-samsung-washer-local/blob/b75ef1ee561de4426d2f150c81ce786169df2b3b/custom_components/samsung_washer_local/const.py,MIT
Samsung,washer,8C1,8E,"8E, 8E1, 8E2, 8C, 8C2, 8CA1, 8CA2, 8CA3, 8CA4, 8CB1, 8CB2, 8CB3, 8CB4",Vibration sensor,"Nothing to do at home beyond one power cycle: switch off, wait 2-3 minutes, switch on and try again. If it comes back, it needs a service visit.",yes,perseus177/ha-samsung-washer-local,https://github.com/perseus177/ha-samsung-washer-local/blob/b75ef1ee561de4426d2f150c81ce786169df2b3b/custom_components/samsung_washer_local/const.py,MIT
Samsung,washer,8C2,8E,"8E, 8E1, 8E2, 8C, 8C1, 8CA1, 8CA2, 8CA3, 8CA4, 8CB1, 8CB2, 8CB3, 8CB4",Vibration sensor,"Nothing to do at home beyond one power cycle: switch off, wait 2-3 minutes, switch on and try again. If it comes back, it needs a service visit.",yes,perseus177/ha-samsung-washer-local,https://github.com/perseus177/ha-samsung-washer-local/blob/b75ef1ee561de4426d2f150c81ce786169df2b3b/custom_components/samsung_washer_local/const.py,MIT
Samsung,washer,8CA1,8E,"8E, 8E1, 8E2, 8C, 8C1, 8C2, 8CA2, 8CA3, 8CA4, 8CB1, 8CB2, 8CB3, 8CB4",Vibration sensor,"Nothing to do at home beyond one power cycle: switch off, wait 2-3 minutes, switch on and try again. If it comes back, it needs a service visit.",yes,perseus177/ha-samsung-washer-local,https://github.com/perseus177/ha-samsung-washer-local/blob/b75ef1ee561de4426d2f150c81ce786169df2b3b/custom_components/samsung_washer_local/const.py,MIT
Samsung,washer,8CA2,8E,"8E, 8E1, 8E2, 8C, 8C1, 8C2, 8CA1, 8CA3, 8CA4, 8CB1, 8CB2, 8CB3, 8CB4",Vibration sensor,"Nothing to do at home beyond one power cycle: switch off, wait 2-3 minutes, switch on and try again. If it comes back, it needs a service visit.",yes,perseus177/ha-samsung-washer-local,https://github.com/perseus177/ha-samsung-washer-local/blob/b75ef1ee561de4426d2f150c81ce786169df2b3b/custom_components/samsung_washer_local/const.py,MIT
Samsung,washer,8CA3,8E,"8E, 8E1, 8E2, 8C, 8C1, 8C2, 8CA1, 8CA2, 8CA4, 8CB1, 8CB2, 8CB3, 8CB4",Vibration sensor,"Nothing to do at home beyond one power cycle: switch off, wait 2-3 minutes, switch on and try again. If it comes back, it needs a service visit.",yes,perseus177/ha-samsung-washer-local,https://github.com/perseus177/ha-samsung-washer-local/blob/b75ef1ee561de4426d2f150c81ce786169df2b3b/custom_components/samsung_washer_local/const.py,MIT
Samsung,washer,8CA4,8E,"8E, 8E1, 8E2, 8C, 8C1, 8C2, 8CA1, 8CA2, 8CA3, 8CB1, 8CB2, 8CB3, 8CB4",Vibration sensor,"Nothing to do at home beyond one power cycle: switch off, wait 2-3 minutes, switch on and try again. If it comes back, it needs a service visit.",yes,perseus177/ha-samsung-washer-local,https://github.com/perseus177/ha-samsung-washer-local/blob/b75ef1ee561de4426d2f150c81ce786169df2b3b/custom_components/samsung_washer_local/const.py,MIT
Samsung,washer,8CB1,8E,"8E, 8E1, 8E2, 8C, 8C1, 8C2, 8CA1, 8CA2, 8CA3, 8CA4, 8CB2, 8CB3, 8CB4",Vibration sensor,"Nothing to do at home beyond one power cycle: switch off, wait 2-3 minutes, switch on and try again. If it comes back, it needs a service visit.",yes,perseus177/ha-samsung-washer-local,https://github.com/perseus177/ha-samsung-washer-local/blob/b75ef1ee561de4426d2f150c81ce786169df2b3b/custom_components/samsung_washer_local/const.py,MIT
Samsung,washer,8CB2,8E,"8E, 8E1, 8E2, 8C, 8C1, 8C2, 8CA1, 8CA2, 8CA3, 8CA4, 8CB1, 8CB3, 8CB4",Vibration sensor,"Nothing to do at home beyond one power cycle: switch off, wait 2-3 minutes, switch on and try again. If it comes back, it needs a service visit.",yes,perseus177/ha-samsung-washer-local,https://github.com/perseus177/ha-samsung-washer-local/blob/b75ef1ee561de4426d2f150c81ce786169df2b3b/custom_components/samsung_washer_local/const.py,MIT
Samsung,washer,8CB3,8E,"8E, 8E1, 8E2, 8C, 8C1, 8C2, 8CA1, 8CA2, 8CA3, 8CA4, 8CB1, 8CB2, 8CB4",Vibration sensor,"Nothing to do at home beyond one power cycle: switch off, wait 2-3 minutes, switch on and try again. If it comes back, it needs a service visit.",yes,perseus177/ha-samsung-washer-local,https://github.com/perseus177/ha-samsung-washer-local/blob/b75ef1ee561de4426d2f150c81ce786169df2b3b/custom_components/samsung_washer_local/const.py,MIT
Samsung,washer,8CB4,8E,"8E, 8E1, 8E2, 8C, 8C1, 8C2, 8CA1, 8CA2, 8CA3, 8CA4, 8CB1, 8CB2, 8CB3",Vibration sensor,"Nothing to do at home beyond one power cycle: switch off, wait 2-3 minutes, switch on and try again. If it comes back, it needs a service visit.",yes,perseus177/ha-samsung-washer-local,https://github.com/perseus177/ha-samsung-washer-local/blob/b75ef1ee561de4426d2f150c81ce786169df2b3b/custom_components/samsung_washer_local/const.py,MIT
Samsung,washer,6E,6E,"6C, 6C1, 6C2, 6C3, 6C4, 6C5, 6C6, 6C7",Automatic detergent dispenser motor,"Nothing to do at home beyond one power cycle: switch off, wait 2-3 minutes, switch on and try again. If it comes back, it needs a service visit.",yes,perseus177/ha-samsung-washer-local,https://github.com/perseus177/ha-samsung-washer-local/blob/b75ef1ee561de4426d2f150c81ce786169df2b3b/custom_components/samsung_washer_local/const.py,MIT
Samsung,washer,6C,6E,"6E, 6C1, 6C2, 6C3, 6C4, 6C5, 6C6, 6C7",Automatic detergent dispenser motor,"Nothing to do at home beyond one power cycle: switch off, wait 2-3 minutes, switch on and try again. If it comes back, it needs a service visit.",yes,perseus177/ha-samsung-washer-local,https://github.com/perseus177/ha-samsung-washer-local/blob/b75ef1ee561de4426d2f150c81ce786169df2b3b/custom_components/samsung_washer_local/const.py,MIT
Samsung,washer,6C1,6E,"6E, 6C, 6C2, 6C3, 6C4, 6C5, 6C6, 6C7",Automatic detergent dispenser motor,"Nothing to do at home beyond one power cycle: switch off, wait 2-3 minutes, switch on and try again. If it comes back, it needs a service visit.",yes,perseus177/ha-samsung-washer-local,https://github.com/perseus177/ha-samsung-washer-local/blob/b75ef1ee561de4426d2f150c81ce786169df2b3b/custom_components/samsung_washer_local/const.py,MIT
Samsung,washer,6C2,6E,"6E, 6C, 6C1, 6C3, 6C4, 6C5, 6C6, 6C7",Automatic detergent dispenser motor,"Nothing to do at home beyond one power cycle: switch off, wait 2-3 minutes, switch on and try again. If it comes back, it needs a service visit.",yes,perseus177/ha-samsung-washer-local,https://github.com/perseus177/ha-samsung-washer-local/blob/b75ef1ee561de4426d2f150c81ce786169df2b3b/custom_components/samsung_washer_local/const.py,MIT
Samsung,washer,6C3,6E,"6E, 6C, 6C1, 6C2, 6C4, 6C5, 6C6, 6C7",Automatic detergent dispenser motor,"Nothing to do at home beyond one power cycle: switch off, wait 2-3 minutes, switch on and try again. If it comes back, it needs a service visit.",yes,perseus177/ha-samsung-washer-local,https://github.com/perseus177/ha-samsung-washer-local/blob/b75ef1ee561de4426d2f150c81ce786169df2b3b/custom_components/samsung_washer_local/const.py,MIT
Samsung,washer,6C4,6E,"6E, 6C, 6C1, 6C2, 6C3, 6C5, 6C6, 6C7",Automatic detergent dispenser motor,"Nothing to do at home beyond one power cycle: switch off, wait 2-3 minutes, switch on and try again. If it comes back, it needs a service visit.",yes,perseus177/ha-samsung-washer-local,https://github.com/perseus177/ha-samsung-washer-local/blob/b75ef1ee561de4426d2f150c81ce786169df2b3b/custom_components/samsung_washer_local/const.py,MIT
Samsung,washer,6C5,6E,"6E, 6C, 6C1, 6C2, 6C3, 6C4, 6C6, 6C7",Automatic detergent dispenser motor,"Nothing to do at home beyond one power cycle: switch off, wait 2-3 minutes, switch on and try again. If it comes back, it needs a service visit.",yes,perseus177/ha-samsung-washer-local,https://github.com/perseus177/ha-samsung-washer-local/blob/b75ef1ee561de4426d2f150c81ce786169df2b3b/custom_components/samsung_washer_local/const.py,MIT
Samsung,washer,6C6,6E,"6E, 6C, 6C1, 6C2, 6C3, 6C4, 6C5, 6C7",Automatic detergent dispenser motor,"Nothing to do at home beyond one power cycle: switch off, wait 2-3 minutes, switch on and try again. If it comes back, it needs a service visit.",yes,perseus177/ha-samsung-washer-local,https://github.com/perseus177/ha-samsung-washer-local/blob/b75ef1ee561de4426d2f150c81ce786169df2b3b/custom_components/samsung_washer_local/const.py,MIT
Samsung,washer,6C7,6E,"6E, 6C, 6C1, 6C2, 6C3, 6C4, 6C5, 6C6",Automatic detergent dispenser motor,"Nothing to do at home beyond one power cycle: switch off, wait 2-3 minutes, switch on and try again. If it comes back, it needs a service visit.",yes,perseus177/ha-samsung-washer-local,https://github.com/perseus177/ha-samsung-washer-local/blob/b75ef1ee561de4426d2f150c81ce786169df2b3b/custom_components/samsung_washer_local/const.py,MIT
Samsung,washer,AE,AE,AC,Communication with the display,"Nothing to do at home beyond one power cycle: switch off, wait 2-3 minutes, switch on and try again. If it comes back, it needs a service visit.",yes,perseus177/ha-samsung-washer-local,https://github.com/perseus177/ha-samsung-washer-local/blob/b75ef1ee561de4426d2f150c81ce786169df2b3b/custom_components/samsung_washer_local/const.py,MIT
Samsung,washer,AC,AE,AE,Communication with the display,"Nothing to do at home beyond one power cycle: switch off, wait 2-3 minutes, switch on and try again. If it comes back, it needs a service visit.",yes,perseus177/ha-samsung-washer-local,https://github.com/perseus177/ha-samsung-washer-local/blob/b75ef1ee561de4426d2f150c81ce786169df2b3b/custom_components/samsung_washer_local/const.py,MIT
Samsung,washer,AE3,AE3,AC3,Zigbee communication,"Nothing to do at home beyond one power cycle: switch off, wait 2-3 minutes, switch on and try again. If it comes back, it needs a service visit.",yes,perseus177/ha-samsung-washer-local,https://github.com/perseus177/ha-samsung-washer-local/blob/b75ef1ee561de4426d2f150c81ce786169df2b3b/custom_components/samsung_washer_local/const.py,MIT
Samsung,washer,AC3,AE3,AE3,Zigbee communication,"Nothing to do at home beyond one power cycle: switch off, wait 2-3 minutes, switch on and try again. If it comes back, it needs a service visit.",yes,perseus177/ha-samsung-washer-local,https://github.com/perseus177/ha-samsung-washer-local/blob/b75ef1ee561de4426d2f150c81ce786169df2b3b/custom_components/samsung_washer_local/const.py,MIT
Samsung,washer,AE5,AE5,AC5,Communication between the display and the main board,"Nothing to do at home beyond one power cycle: switch off, wait 2-3 minutes, switch on and try again. If it comes back, it needs a service visit.",yes,perseus177/ha-samsung-washer-local,https://github.com/perseus177/ha-samsung-washer-local/blob/b75ef1ee561de4426d2f150c81ce786169df2b3b/custom_components/samsung_washer_local/const.py,MIT
Samsung,washer,AC5,AE5,AE5,Communication between the display and the main board,"Nothing to do at home beyond one power cycle: switch off, wait 2-3 minutes, switch on and try again. If it comes back, it needs a service visit.",yes,perseus177/ha-samsung-washer-local,https://github.com/perseus177/ha-samsung-washer-local/blob/b75ef1ee561de4426d2f150c81ce786169df2b3b/custom_components/samsung_washer_local/const.py,MIT
Samsung,washer,AE6,AE6,AC6,Communication between the inverter and the main board,"Nothing to do at home beyond one power cycle: switch off, wait 2-3 minutes, switch on and try again. If it comes back, it needs a service visit.",yes,perseus177/ha-samsung-washer-local,https://github.com/perseus177/ha-samsung-washer-local/blob/b75ef1ee561de4426d2f150c81ce786169df2b3b/custom_components/samsung_washer_local/const.py,MIT
Samsung,washer,AC6,AE6,AE6,Communication between the inverter and the main board,"Nothing to do at home beyond one power cycle: switch off, wait 2-3 minutes, switch on and try again. If it comes back, it needs a service visit.",yes,perseus177/ha-samsung-washer-local,https://github.com/perseus177/ha-samsung-washer-local/blob/b75ef1ee561de4426d2f150c81ce786169df2b3b/custom_components/samsung_washer_local/const.py,MIT
Samsung,washer,AC7,AC7,,Communication between the boards,"Nothing to do at home beyond one power cycle: switch off, wait 2-3 minutes, switch on and try again. If it comes back, it needs a service visit.",yes,perseus177/ha-samsung-washer-local,https://github.com/perseus177/ha-samsung-washer-local/blob/b75ef1ee561de4426d2f150c81ce786169df2b3b/custom_components/samsung_washer_local/const.py,MIT
Samsung,washer,ACA,ACA,,Communication with the compressor inverter,"Nothing to do at home beyond one power cycle: switch off, wait 2-3 minutes, switch on and try again. If it comes back, it needs a service visit.",yes,perseus177/ha-samsung-washer-local,https://github.com/perseus177/ha-samsung-washer-local/blob/b75ef1ee561de4426d2f150c81ce786169df2b3b/custom_components/samsung_washer_local/const.py,MIT
Samsung,washer,DrumClean,DrumClean,,Time to run the Drum Clean programme,Run it on an empty drum. The appliance counts washes and asks about every 40.,no,perseus177/ha-samsung-washer-local,https://github.com/perseus177/ha-samsung-washer-local/blob/b75ef1ee561de4426d2f150c81ce786169df2b3b/custom_components/samsung_washer_local/const.py,MIT
Samsung,washer,FilterAlarm,FilterAlarm,,Water is left in the drain filter,"Open the flap at the bottom front and drain it, then clean the filter.",no,perseus177/ha-samsung-washer-local,https://github.com/perseus177/ha-samsung-washer-local/blob/b75ef1ee561de4426d2f150c81ce786169df2b3b/custom_components/samsung_washer_local/const.py,MIT
Samsung,washer,FreezeProtection,FreezeProtection,,Freezing risk - it is near 2 C where the appliance stands,"Empty the hoses and the residual water hose if it will stand unused, or run the appliance's own anti-freezing mode.",no,perseus177/ha-samsung-washer-local,https://github.com/perseus177/ha-samsung-washer-local/blob/b75ef1ee561de4426d2f150c81ce786169df2b3b/custom_components/samsung_washer_local/const.py,MIT
Samsung,washer,AirwashWarning,AirwashWarning,,The chosen programme cannot run with water in the drum,"Drain it first, then start the programme again.",no,perseus177/ha-samsung-washer-local,https://github.com/perseus177/ha-samsung-washer-local/blob/b75ef1ee561de4426d2f150c81ce786169df2b3b/custom_components/samsung_washer_local/const.py,MIT
Samsung,washer,DispenserOpen,DispenserOpen,,The detergent drawer is open,Close it.,no,perseus177/ha-samsung-washer-local,https://github.com/perseus177/ha-samsung-washer-local/blob/b75ef1ee561de4426d2f150c81ce786169df2b3b/custom_components/samsung_washer_local/const.py,MIT
Samsung,washer,DispenserAbnormal,DispenserAbnormal,,The automatic dispenser is not working as expected,"Check it is clean and not empty. If it persists, it needs a service visit.",yes,perseus177/ha-samsung-washer-local,https://github.com/perseus177/ha-samsung-washer-local/blob/b75ef1ee561de4426d2f150c81ce786169df2b3b/custom_components/samsung_washer_local/const.py,MIT
Samsung,washer,HotWarning,HotWarning,,The appliance raised its hot warning,"It clears itself. The app carries no explanation for this one, so treat it as information: something inside is hot.",no,perseus177/ha-samsung-washer-local,https://github.com/perseus177/ha-samsung-washer-local/blob/b75ef1ee561de4426d2f150c81ce786169df2b3b/custom_components/samsung_washer_local/const.py,MIT
